{
  "controller/EmployeeDetails.controller.js": 1626724120812,
  "model/formatter.js": 1625510021946,
  "model/json/Employees.json": 1627230394088,
  "model/json/Countries.json": 1627230388526,
  "manifest.json": 1627230947498,
  "model/models.js": 1623880775288,
  "model/json/Layout.json": 1627230400269,
  "controller/OrderDetails.controller.js": 1627174508076,
  "controller/MasterEmployee.controller.js": 1626724003638,
  "controller/Main.controller.js": 1627230510273,
  "i18n/i18n.properties": 1627059381990,
  "controller/Base.controller.js": 1626723775941,
  "controller/App.controller.js": 1626557033836,
  "control/Signature.js": 1627055792556,
  "Component.js": 1626187517509,
  "manifest-bundle.zip": 1627230946872,
  "Component-preload.js": 1627230947382,
  "controller/Main-dbg.controller.js": 1627230510273,
  "model/formatter-dbg.js": 1625510021946,
  "controller/OrderDetails-dbg.controller.js": 1627174508076,
  "controller/MasterEmployee-dbg.controller.js": 1626724003638,
  "model/models-dbg.js": 1623880775288,
  "controller/EmployeeDetails-dbg.controller.js": 1626724120812,
  "controller/Base-dbg.controller.js": 1626723775941,
  "controller/App-dbg.controller.js": 1626557033836,
  "control/Signature-dbg.js": 1627055792556,
  "Component-dbg.js": 1626187517509,
  "resources.json": 1627230947502,
  "view/OrderDetails.view.xml": 1627149062335,
  "view/MasterEmployee.view.xml": 1625259157326,
  "view/Main.view.xml": 1626556016163,
  "view/EmployeeDetails.view.xml": 1626532612077,
  "view/App.view.xml": 1626555132034,
  "fragment/TableOrders.fragment.xml": 1626557359841,
  "fragment/TableEmployee.fragment.xml": 1625760047733,
  "fragment/NewIncidence.fragment.xml": 1626474970505,
  "fragment/DialogOrders.fragment.xml": 1626532184730,
  "css/style.css": 1625358556194,
  "index.html": 1626706909213
}